timeStamp,elapsed,label,responseCode,responseMessage,threadName,dataType,success,failureMessage,bytes,sentBytes,grpThreads,allThreads,URL,Latency,IdleTime,Connect
1619807512715,651,HTTP Request,200,OK,Users 1-2,text,true,,367,156,13,13,http://localhost:10100/?token=466636692&user=2077394554&conf=1,651,0,1
1619807512723,669,HTTP Request,200,OK,Users 1-10,text,true,,367,156,13,13,http://localhost:10100/?token=466636692&user=2077394554&conf=1,669,0,0
1619807512722,670,HTTP Request,200,OK,Users 1-6,text,true,,367,156,13,13,http://localhost:10100/?token=466636692&user=2077394554&conf=1,670,0,1
1619807512722,670,HTTP Request,200,OK,Users 1-3,text,true,,367,156,13,13,http://localhost:10100/?token=466636692&user=2077394554&conf=1,670,0,1
1619807512722,670,HTTP Request,200,OK,Users 1-12,text,true,,367,156,13,13,http://localhost:10100/?token=466636692&user=2077394554&conf=1,670,0,1
1619807512722,674,HTTP Request,200,OK,Users 1-8,text,true,,367,156,13,13,http://localhost:10100/?token=466636692&user=2077394554&conf=1,674,0,1
1619807512723,673,HTTP Request,200,OK,Users 1-1,text,true,,367,156,13,13,http://localhost:10100/?token=466636692&user=2077394554&conf=1,673,0,0
1619807512723,673,HTTP Request,200,OK,Users 1-11,text,true,,367,156,13,13,http://localhost:10100/?token=466636692&user=2077394554&conf=1,673,0,0
1619807512723,673,HTTP Request,200,OK,Users 1-7,text,true,,367,156,13,13,http://localhost:10100/?token=466636692&user=2077394554&conf=1,673,0,0
1619807512723,692,HTTP Request,200,OK,Users 1-9,text,true,,367,156,13,13,http://localhost:10100/?token=466636692&user=2077394554&conf=1,692,0,0
1619807512722,692,HTTP Request,200,OK,Users 1-5,text,true,,367,156,13,13,http://localhost:10100/?token=466636692&user=2077394554&conf=1,692,0,1
1619807512722,693,HTTP Request,200,OK,Users 1-4,text,true,,367,156,13,13,http://localhost:10100/?token=466636692&user=2077394554&conf=1,693,0,1
1619807512722,693,HTTP Request,200,OK,Users 1-13,text,true,,367,156,13,13,http://localhost:10100/?token=466636692&user=2077394554&conf=1,693,0,1
1619807516381,635,HTTP Request,200,OK,Users 1-2,text,true,,367,156,13,13,http://localhost:10100/?token=466636692&user=2077394554&conf=1,635,0,0
1619807516396,639,HTTP Request,200,OK,Users 1-6,text,true,,367,156,13,13,http://localhost:10100/?token=466636692&user=2077394554&conf=1,639,0,0
1619807516396,639,HTTP Request,200,OK,Users 1-3,text,true,,367,156,13,13,http://localhost:10100/?token=466636692&user=2077394554&conf=1,639,0,0
1619807516396,639,HTTP Request,200,OK,Users 1-12,text,true,,367,156,13,13,http://localhost:10100/?token=466636692&user=2077394554&conf=1,639,0,0
1619807516396,639,HTTP Request,200,OK,Users 1-10,text,true,,367,156,13,13,http://localhost:10100/?token=466636692&user=2077394554&conf=1,639,0,0
1619807516399,642,HTTP Request,200,OK,Users 1-8,text,true,,367,156,13,13,http://localhost:10100/?token=466636692&user=2077394554&conf=1,642,0,0
1619807516399,642,HTTP Request,200,OK,Users 1-1,text,true,,367,156,13,13,http://localhost:10100/?token=466636692&user=2077394554&conf=1,642,0,0
1619807516399,642,HTTP Request,200,OK,Users 1-11,text,true,,367,156,13,13,http://localhost:10100/?token=466636692&user=2077394554&conf=1,642,0,0
1619807516399,642,HTTP Request,200,OK,Users 1-7,text,true,,367,156,13,13,http://localhost:10100/?token=466636692&user=2077394554&conf=1,642,0,0
1619807516427,645,HTTP Request,200,OK,Users 1-5,text,true,,367,156,13,13,http://localhost:10100/?token=466636692&user=2077394554&conf=1,645,0,0
1619807516427,645,HTTP Request,200,OK,Users 1-13,text,true,,367,156,13,13,http://localhost:10100/?token=466636692&user=2077394554&conf=1,645,0,0
1619807516427,645,HTTP Request,200,OK,Users 1-4,text,true,,367,156,13,13,http://localhost:10100/?token=466636692&user=2077394554&conf=1,645,0,0
1619807516427,645,HTTP Request,200,OK,Users 1-9,text,true,,367,156,13,13,http://localhost:10100/?token=466636692&user=2077394554&conf=1,645,0,0
1619807520030,646,HTTP Request,200,OK,Users 1-2,text,true,,367,156,13,13,http://localhost:10100/?token=466636692&user=2077394554&conf=1,646,0,0
1619807520046,653,HTTP Request,200,OK,Users 1-6,text,true,,367,156,13,13,http://localhost:10100/?token=466636692&user=2077394554&conf=1,653,0,0
1619807520046,653,HTTP Request,200,OK,Users 1-3,text,true,,367,156,13,13,http://localhost:10100/?token=466636692&user=2077394554&conf=1,653,0,0
1619807520046,653,HTTP Request,200,OK,Users 1-12,text,true,,367,156,13,13,http://localhost:10100/?token=466636692&user=2077394554&conf=1,653,0,0
1619807520046,654,HTTP Request,200,OK,Users 1-10,text,true,,367,156,13,13,http://localhost:10100/?token=466636692&user=2077394554&conf=1,654,0,0
1619807520046,658,HTTP Request,200,OK,Users 1-8,text,true,,367,156,13,13,http://localhost:10100/?token=466636692&user=2077394554&conf=1,658,0,0
1619807520046,658,HTTP Request,200,OK,Users 1-1,text,true,,367,156,13,13,http://localhost:10100/?token=466636692&user=2077394554&conf=1,658,0,0
1619807520046,658,HTTP Request,200,OK,Users 1-11,text,true,,367,156,13,13,http://localhost:10100/?token=466636692&user=2077394554&conf=1,658,0,0
1619807520046,658,HTTP Request,200,OK,Users 1-7,text,true,,367,156,13,13,http://localhost:10100/?token=466636692&user=2077394554&conf=1,658,0,0
1619807520078,656,HTTP Request,200,OK,Users 1-5,text,true,,367,156,13,13,http://localhost:10100/?token=466636692&user=2077394554&conf=1,656,0,0
1619807520078,656,HTTP Request,200,OK,Users 1-4,text,true,,367,156,13,13,http://localhost:10100/?token=466636692&user=2077394554&conf=1,656,0,0
1619807520078,656,HTTP Request,200,OK,Users 1-9,text,true,,367,156,13,13,http://localhost:10100/?token=466636692&user=2077394554&conf=1,656,0,0
1619807520078,656,HTTP Request,200,OK,Users 1-13,text,true,,367,156,13,13,http://localhost:10100/?token=466636692&user=2077394554&conf=1,656,0,0
1619807523690,646,HTTP Request,200,OK,Users 1-2,text,true,,367,156,13,13,http://localhost:10100/?token=466636692&user=2077394554&conf=1,646,0,0
1619807523705,650,HTTP Request,200,OK,Users 1-6,text,true,,367,156,13,13,http://localhost:10100/?token=466636692&user=2077394554&conf=1,650,0,0
1619807523705,650,HTTP Request,200,OK,Users 1-12,text,true,,367,156,13,13,http://localhost:10100/?token=466636692&user=2077394554&conf=1,650,0,0
1619807523705,650,HTTP Request,200,OK,Users 1-3,text,true,,367,156,13,13,http://localhost:10100/?token=466636692&user=2077394554&conf=1,650,0,0
1619807523705,650,HTTP Request,200,OK,Users 1-10,text,true,,367,156,13,13,http://localhost:10100/?token=466636692&user=2077394554&conf=1,650,0,0
1619807523705,654,HTTP Request,200,OK,Users 1-8,text,true,,367,156,13,13,http://localhost:10100/?token=466636692&user=2077394554&conf=1,654,0,0
1619807523705,654,HTTP Request,200,OK,Users 1-1,text,true,,367,156,13,13,http://localhost:10100/?token=466636692&user=2077394554&conf=1,654,0,0
1619807523705,654,HTTP Request,200,OK,Users 1-11,text,true,,367,156,13,13,http://localhost:10100/?token=466636692&user=2077394554&conf=1,654,0,0
1619807523705,654,HTTP Request,200,OK,Users 1-7,text,true,,367,156,13,13,http://localhost:10100/?token=466636692&user=2077394554&conf=1,654,0,0
1619807523737,656,HTTP Request,200,OK,Users 1-13,text,true,,367,156,13,13,http://localhost:10100/?token=466636692&user=2077394554&conf=1,656,0,0
1619807523737,656,HTTP Request,200,OK,Users 1-9,text,true,,367,156,13,13,http://localhost:10100/?token=466636692&user=2077394554&conf=1,656,0,0
1619807523737,656,HTTP Request,200,OK,Users 1-4,text,true,,367,156,13,13,http://localhost:10100/?token=466636692&user=2077394554&conf=1,656,0,0
1619807523737,656,HTTP Request,200,OK,Users 1-5,text,true,,367,156,13,13,http://localhost:10100/?token=466636692&user=2077394554&conf=1,656,0,0
1619807527349,646,HTTP Request,200,OK,Users 1-2,text,true,,367,156,13,13,http://localhost:10100/?token=466636692&user=2077394554&conf=1,646,0,0
1619807527364,649,HTTP Request,200,OK,Users 1-10,text,true,,367,156,13,13,http://localhost:10100/?token=466636692&user=2077394554&conf=1,649,0,0
1619807527364,649,HTTP Request,200,OK,Users 1-12,text,true,,367,156,13,13,http://localhost:10100/?token=466636692&user=2077394554&conf=1,649,0,0
1619807527364,649,HTTP Request,200,OK,Users 1-1,text,true,,367,156,13,13,http://localhost:10100/?token=466636692&user=2077394554&conf=1,649,0,0
1619807527364,649,HTTP Request,200,OK,Users 1-7,text,true,,367,156,13,13,http://localhost:10100/?token=466636692&user=2077394554&conf=1,649,0,0
1619807527364,653,HTTP Request,200,OK,Users 1-6,text,true,,367,156,13,13,http://localhost:10100/?token=466636692&user=2077394554&conf=1,653,0,0
1619807527364,654,HTTP Request,200,OK,Users 1-3,text,true,,367,156,13,13,http://localhost:10100/?token=466636692&user=2077394554&conf=1,653,0,0
1619807527364,654,HTTP Request,200,OK,Users 1-8,text,true,,367,156,13,13,http://localhost:10100/?token=466636692&user=2077394554&conf=1,654,0,0
1619807527364,654,HTTP Request,200,OK,Users 1-11,text,true,,367,156,13,13,http://localhost:10100/?token=466636692&user=2077394554&conf=1,654,0,0
1619807527395,655,HTTP Request,200,OK,Users 1-4,text,true,,367,156,13,13,http://localhost:10100/?token=466636692&user=2077394554&conf=1,655,0,0
1619807527395,655,HTTP Request,200,OK,Users 1-9,text,true,,367,156,13,13,http://localhost:10100/?token=466636692&user=2077394554&conf=1,655,0,0
1619807527395,655,HTTP Request,200,OK,Users 1-5,text,true,,367,156,13,13,http://localhost:10100/?token=466636692&user=2077394554&conf=1,655,0,0
1619807527395,655,HTTP Request,200,OK,Users 1-13,text,true,,367,156,13,13,http://localhost:10100/?token=466636692&user=2077394554&conf=1,655,0,0
1619807531010,646,HTTP Request,200,OK,Users 1-2,text,true,,367,156,13,13,http://localhost:10100/?token=466636692&user=2077394554&conf=1,646,0,0
1619807531026,650,HTTP Request,200,OK,Users 1-10,text,true,,367,156,13,13,http://localhost:10100/?token=466636692&user=2077394554&conf=1,650,0,0
1619807531026,650,HTTP Request,200,OK,Users 1-3,text,true,,367,156,13,13,http://localhost:10100/?token=466636692&user=2077394554&conf=1,650,0,0
1619807531026,650,HTTP Request,200,OK,Users 1-12,text,true,,367,156,13,13,http://localhost:10100/?token=466636692&user=2077394554&conf=1,650,0,0
1619807531026,650,HTTP Request,200,OK,Users 1-6,text,true,,367,156,13,13,http://localhost:10100/?token=466636692&user=2077394554&conf=1,650,0,0
1619807531026,654,HTTP Request,200,OK,Users 1-8,text,true,,367,156,13,13,http://localhost:10100/?token=466636692&user=2077394554&conf=1,654,0,0
1619807531026,654,HTTP Request,200,OK,Users 1-1,text,true,,367,156,13,13,http://localhost:10100/?token=466636692&user=2077394554&conf=1,654,0,0
1619807531026,654,HTTP Request,200,OK,Users 1-11,text,true,,367,156,13,13,http://localhost:10100/?token=466636692&user=2077394554&conf=1,654,0,0
1619807531026,654,HTTP Request,200,OK,Users 1-7,text,true,,367,156,13,13,http://localhost:10100/?token=466636692&user=2077394554&conf=1,654,0,0
1619807531058,658,HTTP Request,200,OK,Users 1-5,text,true,,367,156,13,13,http://localhost:10100/?token=466636692&user=2077394554&conf=1,658,0,0
1619807531058,658,HTTP Request,200,OK,Users 1-9,text,true,,367,156,13,13,http://localhost:10100/?token=466636692&user=2077394554&conf=1,658,0,0
1619807531058,658,HTTP Request,200,OK,Users 1-4,text,true,,367,156,13,13,http://localhost:10100/?token=466636692&user=2077394554&conf=1,658,0,0
1619807531058,658,HTTP Request,200,OK,Users 1-13,text,true,,367,156,13,13,http://localhost:10100/?token=466636692&user=2077394554&conf=1,658,0,0
1619807534656,646,HTTP Request,200,OK,Users 1-2,text,true,,367,156,13,13,http://localhost:10100/?token=466636692&user=2077394554&conf=1,646,0,0
1619807534688,649,HTTP Request,200,OK,Users 1-6,text,true,,367,156,13,13,http://localhost:10100/?token=466636692&user=2077394554&conf=1,649,0,0
1619807534688,649,HTTP Request,200,OK,Users 1-3,text,true,,367,156,13,13,http://localhost:10100/?token=466636692&user=2077394554&conf=1,649,0,0
1619807534688,649,HTTP Request,200,OK,Users 1-8,text,true,,367,156,13,13,http://localhost:10100/?token=466636692&user=2077394554&conf=1,649,0,0
1619807534688,649,HTTP Request,200,OK,Users 1-10,text,true,,367,156,13,13,http://localhost:10100/?token=466636692&user=2077394554&conf=1,649,0,0
1619807534688,653,HTTP Request,200,OK,Users 1-12,text,true,,367,156,13,13,http://localhost:10100/?token=466636692&user=2077394554&conf=1,653,0,0
1619807534688,653,HTTP Request,200,OK,Users 1-1,text,true,,367,156,13,13,http://localhost:10100/?token=466636692&user=2077394554&conf=1,653,0,0
1619807534688,653,HTTP Request,200,OK,Users 1-11,text,true,,367,156,13,13,http://localhost:10100/?token=466636692&user=2077394554&conf=1,653,0,0
1619807534688,653,HTTP Request,200,OK,Users 1-7,text,true,,367,156,13,13,http://localhost:10100/?token=466636692&user=2077394554&conf=1,653,0,0
1619807534720,655,HTTP Request,200,OK,Users 1-5,text,true,,367,156,13,13,http://localhost:10100/?token=466636692&user=2077394554&conf=1,655,0,0
1619807534720,655,HTTP Request,200,OK,Users 1-4,text,true,,367,156,13,13,http://localhost:10100/?token=466636692&user=2077394554&conf=1,655,0,0
1619807534720,655,HTTP Request,200,OK,Users 1-9,text,true,,367,156,13,13,http://localhost:10100/?token=466636692&user=2077394554&conf=1,655,0,0
1619807534720,656,HTTP Request,200,OK,Users 1-13,text,true,,367,156,13,13,http://localhost:10100/?token=466636692&user=2077394554&conf=1,656,0,0
1619807538316,646,HTTP Request,200,OK,Users 1-2,text,true,,367,156,13,13,http://localhost:10100/?token=466636692&user=2077394554&conf=1,646,0,0
1619807538347,649,HTTP Request,200,OK,Users 1-3,text,true,,367,156,13,13,http://localhost:10100/?token=466636692&user=2077394554&conf=1,649,0,0
1619807538347,649,HTTP Request,200,OK,Users 1-12,text,true,,367,156,13,13,http://localhost:10100/?token=466636692&user=2077394554&conf=1,649,0,0
1619807538347,649,HTTP Request,200,OK,Users 1-6,text,true,,367,156,13,13,http://localhost:10100/?token=466636692&user=2077394554&conf=1,649,0,0
1619807538347,650,HTTP Request,200,OK,Users 1-10,text,true,,367,156,13,13,http://localhost:10100/?token=466636692&user=2077394554&conf=1,650,0,0
1619807538347,654,HTTP Request,200,OK,Users 1-8,text,true,,367,156,13,13,http://localhost:10100/?token=466636692&user=2077394554&conf=1,654,0,0
1619807538347,654,HTTP Request,200,OK,Users 1-11,text,true,,367,156,13,13,http://localhost:10100/?token=466636692&user=2077394554&conf=1,654,0,0
1619807538347,654,HTTP Request,200,OK,Users 1-1,text,true,,367,156,13,13,http://localhost:10100/?token=466636692&user=2077394554&conf=1,654,0,0
1619807538347,654,HTTP Request,200,OK,Users 1-7,text,true,,367,156,13,13,http://localhost:10100/?token=466636692&user=2077394554&conf=1,654,0,0
1619807538379,656,HTTP Request,200,OK,Users 1-9,text,true,,367,156,13,13,http://localhost:10100/?token=466636692&user=2077394554&conf=1,656,0,0
1619807538379,656,HTTP Request,200,OK,Users 1-5,text,true,,367,156,13,13,http://localhost:10100/?token=466636692&user=2077394554&conf=1,656,0,0
1619807538379,656,HTTP Request,200,OK,Users 1-4,text,true,,367,156,13,13,http://localhost:10100/?token=466636692&user=2077394554&conf=1,656,0,0
1619807538379,656,HTTP Request,200,OK,Users 1-13,text,true,,367,156,13,13,http://localhost:10100/?token=466636692&user=2077394554&conf=1,656,0,0
1619807541963,646,HTTP Request,200,OK,Users 1-2,text,true,,367,156,13,13,http://localhost:10100/?token=466636692&user=2077394554&conf=1,646,0,0
1619807542011,649,HTTP Request,200,OK,Users 1-6,text,true,,367,156,13,13,http://localhost:10100/?token=466636692&user=2077394554&conf=1,649,0,0
1619807542011,649,HTTP Request,200,OK,Users 1-10,text,true,,367,156,13,13,http://localhost:10100/?token=466636692&user=2077394554&conf=1,649,0,0
1619807542011,649,HTTP Request,200,OK,Users 1-7,text,true,,367,156,13,13,http://localhost:10100/?token=466636692&user=2077394554&conf=1,649,0,0
1619807542011,649,HTTP Request,200,OK,Users 1-12,text,true,,367,156,13,13,http://localhost:10100/?token=466636692&user=2077394554&conf=1,649,0,0
1619807542011,653,HTTP Request,200,OK,Users 1-3,text,true,,367,156,13,13,http://localhost:10100/?token=466636692&user=2077394554&conf=1,653,0,0
1619807542011,654,HTTP Request,200,OK,Users 1-8,text,true,,367,156,13,13,http://localhost:10100/?token=466636692&user=2077394554&conf=1,654,0,0
1619807542011,654,HTTP Request,200,OK,Users 1-1,text,true,,367,156,13,13,http://localhost:10100/?token=466636692&user=2077394554&conf=1,654,0,0
1619807542011,654,HTTP Request,200,OK,Users 1-11,text,true,,367,156,13,13,http://localhost:10100/?token=466636692&user=2077394554&conf=1,654,0,0
1619807542043,652,HTTP Request,200,OK,Users 1-4,text,true,,367,156,13,13,http://localhost:10100/?token=466636692&user=2077394554&conf=1,652,0,0
1619807542043,716,HTTP Request,200,OK,Users 1-9,text,true,,367,156,13,13,http://localhost:10100/?token=466636692&user=2077394554&conf=1,716,0,0
1619807542043,716,HTTP Request,200,OK,Users 1-5,text,true,,367,156,13,13,http://localhost:10100/?token=466636692&user=2077394554&conf=1,716,0,0
1619807542043,716,HTTP Request,200,OK,Users 1-13,text,true,,367,156,13,13,http://localhost:10100/?token=466636692&user=2077394554&conf=1,716,0,0
1619807545624,646,HTTP Request,200,OK,Users 1-2,text,true,,367,156,13,13,http://localhost:10100/?token=466636692&user=2077394554&conf=1,645,0,0
1619807545671,649,HTTP Request,200,OK,Users 1-12,text,true,,367,156,13,13,http://localhost:10100/?token=466636692&user=2077394554&conf=1,649,0,0
1619807545671,649,HTTP Request,200,OK,Users 1-3,text,true,,367,156,13,13,http://localhost:10100/?token=466636692&user=2077394554&conf=1,649,0,0
1619807545671,649,HTTP Request,200,OK,Users 1-6,text,true,,367,156,13,13,http://localhost:10100/?token=466636692&user=2077394554&conf=1,649,0,0
1619807545671,649,HTTP Request,200,OK,Users 1-10,text,true,,367,156,13,13,http://localhost:10100/?token=466636692&user=2077394554&conf=1,649,0,0
1619807545671,653,HTTP Request,200,OK,Users 1-8,text,true,,367,156,13,13,http://localhost:10100/?token=466636692&user=2077394554&conf=1,653,0,0
1619807545671,653,HTTP Request,200,OK,Users 1-1,text,true,,367,156,13,13,http://localhost:10100/?token=466636692&user=2077394554&conf=1,653,0,0
1619807545671,653,HTTP Request,200,OK,Users 1-11,text,true,,367,156,13,13,http://localhost:10100/?token=466636692&user=2077394554&conf=1,653,0,0
1619807545671,653,HTTP Request,200,OK,Users 1-7,text,true,,367,156,13,13,http://localhost:10100/?token=466636692&user=2077394554&conf=1,653,0,0
1619807545702,652,HTTP Request,200,OK,Users 1-4,text,true,,367,156,13,13,http://localhost:10100/?token=466636692&user=2077394554&conf=1,652,0,0
1619807545766,653,HTTP Request,200,OK,Users 1-5,text,true,,367,156,13,13,http://localhost:10100/?token=466636692&user=2077394554&conf=1,653,0,0
1619807545766,729,HTTP Request,200,OK,Users 1-9,text,true,,367,156,13,13,http://localhost:10100/?token=466636692&user=2077394554&conf=1,729,0,0
1619807545766,729,HTTP Request,200,OK,Users 1-13,text,true,,367,156,13,13,http://localhost:10100/?token=466636692&user=2077394554&conf=1,729,0,0
1619807549282,646,HTTP Request,200,OK,Users 1-2,text,true,,367,156,13,13,http://localhost:10100/?token=466636692&user=2077394554&conf=1,646,0,0
1619807549329,649,HTTP Request,200,OK,Users 1-3,text,true,,367,156,13,13,http://localhost:10100/?token=466636692&user=2077394554&conf=1,649,0,0
1619807549329,649,HTTP Request,200,OK,Users 1-12,text,true,,367,156,13,13,http://localhost:10100/?token=466636692&user=2077394554&conf=1,649,0,0
1619807549329,649,HTTP Request,200,OK,Users 1-7,text,true,,367,156,13,13,http://localhost:10100/?token=466636692&user=2077394554&conf=1,649,0,0
1619807549329,649,HTTP Request,200,OK,Users 1-10,text,true,,367,156,13,13,http://localhost:10100/?token=466636692&user=2077394554&conf=1,649,0,0
1619807549329,653,HTTP Request,200,OK,Users 1-6,text,true,,367,156,13,13,http://localhost:10100/?token=466636692&user=2077394554&conf=1,653,0,0
1619807549329,653,HTTP Request,200,OK,Users 1-8,text,true,,367,156,13,13,http://localhost:10100/?token=466636692&user=2077394554&conf=1,653,0,0
1619807549329,653,HTTP Request,200,OK,Users 1-1,text,true,,367,156,13,13,http://localhost:10100/?token=466636692&user=2077394554&conf=1,653,0,0
1619807549329,653,HTTP Request,200,OK,Users 1-11,text,true,,367,156,13,13,http://localhost:10100/?token=466636692&user=2077394554&conf=1,653,0,0
1619807549360,652,HTTP Request,200,OK,Users 1-4,text,true,,367,156,13,13,http://localhost:10100/?token=466636692&user=2077394554&conf=1,652,0,0
1619807549423,661,HTTP Request,200,OK,Users 1-5,text,true,,367,156,13,13,http://localhost:10100/?token=466636692&user=2077394554&conf=1,661,0,0
1619807549502,654,HTTP Request,200,OK,Users 1-13,text,true,,367,156,13,13,http://localhost:10100/?token=466636692&user=2077394554&conf=1,654,0,0
1619807549502,723,HTTP Request,200,OK,Users 1-9,text,true,,367,156,13,13,http://localhost:10100/?token=466636692&user=2077394554&conf=1,723,0,0
1619807552937,645,HTTP Request,200,OK,Users 1-2,text,true,,367,156,13,13,http://localhost:10100/?token=466636692&user=2077394554&conf=1,645,0,0
1619807552985,649,HTTP Request,200,OK,Users 1-6,text,true,,367,156,13,13,http://localhost:10100/?token=466636692&user=2077394554&conf=1,649,0,0
1619807552985,649,HTTP Request,200,OK,Users 1-12,text,true,,367,156,13,13,http://localhost:10100/?token=466636692&user=2077394554&conf=1,649,0,0
1619807552985,649,HTTP Request,200,OK,Users 1-3,text,true,,367,156,13,13,http://localhost:10100/?token=466636692&user=2077394554&conf=1,649,0,0
1619807552985,649,HTTP Request,200,OK,Users 1-10,text,true,,367,156,13,13,http://localhost:10100/?token=466636692&user=2077394554&conf=1,649,0,0
1619807552985,653,HTTP Request,200,OK,Users 1-8,text,true,,367,156,13,13,http://localhost:10100/?token=466636692&user=2077394554&conf=1,653,0,0
1619807552985,653,HTTP Request,200,OK,Users 1-11,text,true,,367,156,13,13,http://localhost:10100/?token=466636692&user=2077394554&conf=1,653,0,0
1619807552985,653,HTTP Request,200,OK,Users 1-1,text,true,,367,156,13,13,http://localhost:10100/?token=466636692&user=2077394554&conf=1,653,0,0
1619807552985,653,HTTP Request,200,OK,Users 1-7,text,true,,367,156,13,13,http://localhost:10100/?token=466636692&user=2077394554&conf=1,653,0,0
1619807553017,652,HTTP Request,200,OK,Users 1-4,text,true,,367,156,13,13,http://localhost:10100/?token=466636692&user=2077394554&conf=1,652,0,0
1619807553095,653,HTTP Request,200,OK,Users 1-5,text,true,,367,156,13,13,http://localhost:10100/?token=466636692&user=2077394554&conf=1,653,0,0
1619807553159,654,HTTP Request,200,OK,Users 1-13,text,true,,367,156,13,13,http://localhost:10100/?token=466636692&user=2077394554&conf=1,654,0,0
1619807553239,655,HTTP Request,200,OK,Users 1-9,text,true,,367,156,13,13,http://localhost:10100/?token=466636692&user=2077394554&conf=1,655,0,0
1619807556586,645,HTTP Request,200,OK,Users 1-2,text,true,,367,156,13,13,http://localhost:10100/?token=466636692&user=2077394554&conf=1,645,0,0
1619807556648,649,HTTP Request,200,OK,Users 1-7,text,true,,367,156,13,13,http://localhost:10100/?token=466636692&user=2077394554&conf=1,649,0,0
1619807556648,649,HTTP Request,200,OK,Users 1-3,text,true,,367,156,13,13,http://localhost:10100/?token=466636692&user=2077394554&conf=1,649,0,0
1619807556648,649,HTTP Request,200,OK,Users 1-6,text,true,,367,156,13,13,http://localhost:10100/?token=466636692&user=2077394554&conf=1,649,0,0
1619807556648,649,HTTP Request,200,OK,Users 1-12,text,true,,367,156,13,13,http://localhost:10100/?token=466636692&user=2077394554&conf=1,649,0,0
1619807556648,654,HTTP Request,200,OK,Users 1-8,text,true,,367,156,13,13,http://localhost:10100/?token=466636692&user=2077394554&conf=1,654,0,0
1619807556648,654,HTTP Request,200,OK,Users 1-1,text,true,,367,156,13,13,http://localhost:10100/?token=466636692&user=2077394554&conf=1,654,0,0
1619807556648,654,HTTP Request,200,OK,Users 1-11,text,true,,367,156,13,13,http://localhost:10100/?token=466636692&user=2077394554&conf=1,654,0,0
1619807556648,654,HTTP Request,200,OK,Users 1-10,text,true,,367,156,13,13,http://localhost:10100/?token=466636692&user=2077394554&conf=1,654,0,0
1619807556680,651,HTTP Request,200,OK,Users 1-4,text,true,,367,156,13,13,http://localhost:10100/?token=466636692&user=2077394554&conf=1,651,0,0
1619807556758,653,HTTP Request,200,OK,Users 1-5,text,true,,367,156,13,13,http://localhost:10100/?token=466636692&user=2077394554&conf=1,653,0,0
1619807556821,654,HTTP Request,200,OK,Users 1-13,text,true,,367,156,13,13,http://localhost:10100/?token=466636692&user=2077394554&conf=1,654,0,0
1619807556900,655,HTTP Request,200,OK,Users 1-9,text,true,,367,156,13,13,http://localhost:10100/?token=466636692&user=2077394554&conf=1,655,0,0
1619807560238,645,HTTP Request,200,OK,Users 1-2,text,true,,367,156,13,13,http://localhost:10100/?token=466636692&user=2077394554&conf=1,645,0,0
1619807560302,649,HTTP Request,200,OK,Users 1-10,text,true,,367,156,13,13,http://localhost:10100/?token=466636692&user=2077394554&conf=1,649,0,0
1619807560302,649,HTTP Request,200,OK,Users 1-6,text,true,,367,156,13,13,http://localhost:10100/?token=466636692&user=2077394554&conf=1,649,0,0
1619807560302,649,HTTP Request,200,OK,Users 1-7,text,true,,367,156,13,13,http://localhost:10100/?token=466636692&user=2077394554&conf=1,649,0,0
1619807560302,649,HTTP Request,200,OK,Users 1-12,text,true,,367,156,13,13,http://localhost:10100/?token=466636692&user=2077394554&conf=1,649,0,0
1619807560302,653,HTTP Request,200,OK,Users 1-3,text,true,,367,156,13,13,http://localhost:10100/?token=466636692&user=2077394554&conf=1,653,0,0
1619807560302,653,HTTP Request,200,OK,Users 1-8,text,true,,367,156,13,13,http://localhost:10100/?token=466636692&user=2077394554&conf=1,653,0,0
1619807560302,654,HTTP Request,200,OK,Users 1-1,text,true,,367,156,13,13,http://localhost:10100/?token=466636692&user=2077394554&conf=1,654,0,0
1619807560302,654,HTTP Request,200,OK,Users 1-11,text,true,,367,156,13,13,http://localhost:10100/?token=466636692&user=2077394554&conf=1,654,0,0
1619807560333,652,HTTP Request,200,OK,Users 1-4,text,true,,367,156,13,13,http://localhost:10100/?token=466636692&user=2077394554&conf=1,652,0,0
1619807560413,653,HTTP Request,200,OK,Users 1-5,text,true,,367,156,13,13,http://localhost:10100/?token=466636692&user=2077394554&conf=1,653,0,0
1619807560477,739,HTTP Request,200,OK,Users 1-13,text,true,,367,156,13,13,http://localhost:10100/?token=466636692&user=2077394554&conf=1,739,0,0
1619807560557,731,HTTP Request,200,OK,Users 1-9,text,true,,367,156,13,13,http://localhost:10100/?token=466636692&user=2077394554&conf=1,731,0,0
1619807563888,645,HTTP Request,200,OK,Users 1-2,text,true,,367,156,13,13,http://localhost:10100/?token=466636692&user=2077394554&conf=1,645,0,0
1619807563966,646,HTTP Request,200,OK,Users 1-6,text,true,,367,156,13,13,http://localhost:10100/?token=466636692&user=2077394554&conf=1,646,0,0
1619807563966,650,HTTP Request,200,OK,Users 1-3,text,true,,367,156,13,13,http://localhost:10100/?token=466636692&user=2077394554&conf=1,650,0,0
1619807563966,650,HTTP Request,200,OK,Users 1-12,text,true,,367,156,13,13,http://localhost:10100/?token=466636692&user=2077394554&conf=1,650,0,0
1619807563966,650,HTTP Request,200,OK,Users 1-10,text,true,,367,156,13,13,http://localhost:10100/?token=466636692&user=2077394554&conf=1,650,0,0
1619807563966,650,HTTP Request,200,OK,Users 1-7,text,true,,367,156,13,13,http://localhost:10100/?token=466636692&user=2077394554&conf=1,650,0,0
1619807563966,684,HTTP Request,200,OK,Users 1-1,text,true,,367,156,13,13,http://localhost:10100/?token=466636692&user=2077394554&conf=1,684,0,0
1619807563966,684,HTTP Request,200,OK,Users 1-8,text,true,,367,156,13,13,http://localhost:10100/?token=466636692&user=2077394554&conf=1,684,0,0
1619807563966,684,HTTP Request,200,OK,Users 1-11,text,true,,367,156,13,13,http://localhost:10100/?token=466636692&user=2077394554&conf=1,684,0,0
1619807563998,652,HTTP Request,200,OK,Users 1-4,text,true,,367,156,13,13,http://localhost:10100/?token=466636692&user=2077394554&conf=1,652,0,0
1619807564077,659,HTTP Request,200,OK,Users 1-5,text,true,,367,156,13,13,http://localhost:10100/?token=466636692&user=2077394554&conf=1,659,0,0
1619807564219,654,HTTP Request,200,OK,Users 1-13,text,true,,367,156,13,13,http://localhost:10100/?token=466636692&user=2077394554&conf=1,654,0,0
1619807564298,654,HTTP Request,200,OK,Users 1-9,text,true,,367,156,13,13,http://localhost:10100/?token=466636692&user=2077394554&conf=1,654,0,0
1619807567536,645,HTTP Request,200,OK,Users 1-2,text,true,,367,156,13,13,http://localhost:10100/?token=466636692&user=2077394554&conf=1,645,0,0
1619807567613,645,HTTP Request,200,OK,Users 1-6,text,true,,367,156,13,13,http://localhost:10100/?token=466636692&user=2077394554&conf=1,645,0,0
1619807567629,649,HTTP Request,200,OK,Users 1-12,text,true,,367,156,13,13,http://localhost:10100/?token=466636692&user=2077394554&conf=1,649,0,0
1619807567629,649,HTTP Request,200,OK,Users 1-3,text,true,,367,156,13,13,http://localhost:10100/?token=466636692&user=2077394554&conf=1,649,0,0
1619807567629,649,HTTP Request,200,OK,Users 1-7,text,true,,367,156,13,13,http://localhost:10100/?token=466636692&user=2077394554&conf=1,649,0,0
1619807567629,649,HTTP Request,200,OK,Users 1-10,text,true,,367,156,13,13,http://localhost:10100/?token=466636692&user=2077394554&conf=1,649,0,0
1619807567660,653,HTTP Request,200,OK,Users 1-11,text,true,,367,156,13,13,http://localhost:10100/?token=466636692&user=2077394554&conf=1,653,0,0
1619807567660,653,HTTP Request,200,OK,Users 1-8,text,true,,367,156,13,13,http://localhost:10100/?token=466636692&user=2077394554&conf=1,653,0,0
1619807567660,653,HTTP Request,200,OK,Users 1-4,text,true,,367,156,13,13,http://localhost:10100/?token=466636692&user=2077394554&conf=1,653,0,0
1619807567660,653,HTTP Request,200,OK,Users 1-1,text,true,,367,156,13,13,http://localhost:10100/?token=466636692&user=2077394554&conf=1,653,0,0
1619807567740,653,HTTP Request,200,OK,Users 1-5,text,true,,367,156,13,13,http://localhost:10100/?token=466636692&user=2077394554&conf=1,653,0,0
1619807567882,654,HTTP Request,200,OK,Users 1-13,text,true,,367,156,13,13,http://localhost:10100/?token=466636692&user=2077394554&conf=1,654,0,0
1619807567961,654,HTTP Request,200,OK,Users 1-9,text,true,,367,156,13,13,http://localhost:10100/?token=466636692&user=2077394554&conf=1,654,0,0
1619807571182,645,HTTP Request,200,OK,Users 1-2,text,true,,367,156,13,13,http://localhost:10100/?token=466636692&user=2077394554&conf=1,645,0,0
1619807571261,645,HTTP Request,200,OK,Users 1-6,text,true,,367,156,13,13,http://localhost:10100/?token=466636692&user=2077394554&conf=1,645,0,0
1619807571291,650,HTTP Request,200,OK,Users 1-3,text,true,,367,156,13,13,http://localhost:10100/?token=466636692&user=2077394554&conf=1,650,0,0
1619807571291,650,HTTP Request,200,OK,Users 1-7,text,true,,367,156,13,13,http://localhost:10100/?token=466636692&user=2077394554&conf=1,650,0,0
1619807571291,650,HTTP Request,200,OK,Users 1-10,text,true,,367,156,13,13,http://localhost:10100/?token=466636692&user=2077394554&conf=1,650,0,0
1619807571291,650,HTTP Request,200,OK,Users 1-12,text,true,,367,156,13,13,http://localhost:10100/?token=466636692&user=2077394554&conf=1,650,0,0
1619807571323,653,HTTP Request,200,OK,Users 1-8,text,true,,367,156,13,13,http://localhost:10100/?token=466636692&user=2077394554&conf=1,653,0,0
1619807571323,653,HTTP Request,200,OK,Users 1-4,text,true,,367,156,13,13,http://localhost:10100/?token=466636692&user=2077394554&conf=1,653,0,0
1619807571323,653,HTTP Request,200,OK,Users 1-1,text,true,,367,156,13,13,http://localhost:10100/?token=466636692&user=2077394554&conf=1,653,0,0
1619807571323,653,HTTP Request,200,OK,Users 1-11,text,true,,367,156,13,13,http://localhost:10100/?token=466636692&user=2077394554&conf=1,653,0,0
1619807571402,653,HTTP Request,200,OK,Users 1-5,text,true,,367,156,13,13,http://localhost:10100/?token=466636692&user=2077394554&conf=1,653,0,0
1619807571544,655,HTTP Request,200,OK,Users 1-13,text,true,,367,156,13,13,http://localhost:10100/?token=466636692&user=2077394554&conf=1,655,0,0
1619807571623,654,HTTP Request,200,OK,Users 1-9,text,true,,367,156,13,13,http://localhost:10100/?token=466636692&user=2077394554&conf=1,654,0,0
1619807574830,691,HTTP Request,200,OK,Users 1-2,text,true,,367,156,13,13,http://localhost:10100/?token=466636692&user=2077394554&conf=1,691,0,0
1619807574909,689,HTTP Request,200,OK,Users 1-6,text,true,,367,156,13,13,http://localhost:10100/?token=466636692&user=2077394554&conf=1,689,0,0
1619807574956,695,HTTP Request,200,OK,Users 1-3,text,true,,367,156,13,13,http://localhost:10100/?token=466636692&user=2077394554&conf=1,695,0,0
1619807574956,695,HTTP Request,200,OK,Users 1-7,text,true,,367,156,13,13,http://localhost:10100/?token=466636692&user=2077394554&conf=1,695,0,0
1619807574956,695,HTTP Request,200,OK,Users 1-10,text,true,,367,156,13,13,http://localhost:10100/?token=466636692&user=2077394554&conf=1,695,0,0
1619807574956,695,HTTP Request,200,OK,Users 1-12,text,true,,367,156,13,13,http://localhost:10100/?token=466636692&user=2077394554&conf=1,695,0,0
1619807574987,687,HTTP Request,200,OK,Users 1-11,text,true,,367,156,13,13,http://localhost:10100/?token=466636692&user=2077394554&conf=1,687,0,1
1619807574987,762,HTTP Request,200,OK,Users 1-8,text,true,,367,156,13,13,http://localhost:10100/?token=466636692&user=2077394554&conf=1,762,0,1
1619807574987,762,HTTP Request,200,OK,Users 1-1,text,true,,367,156,13,13,http://localhost:10100/?token=466636692&user=2077394554&conf=1,762,0,1
1619807574987,762,HTTP Request,200,OK,Users 1-4,text,true,,367,156,13,13,http://localhost:10100/?token=466636692&user=2077394554&conf=1,762,0,1
1619807575065,747,HTTP Request,200,OK,Users 1-5,text,true,,367,156,13,13,http://localhost:10100/?token=466636692&user=2077394554&conf=1,747,0,1
1619807575206,699,HTTP Request,200,OK,Users 1-13,text,true,,367,156,13,13,http://localhost:10100/?token=466636692&user=2077394554&conf=1,699,0,0
1619807575286,699,HTTP Request,200,OK,Users 1-9,text,true,,367,156,13,13,http://localhost:10100/?token=466636692&user=2077394554&conf=1,699,0,0
1619807578522,645,HTTP Request,200,OK,Users 1-2,text,true,,367,156,13,13,http://localhost:10100/?token=466636692&user=2077394554&conf=1,645,0,0
1619807578602,644,HTTP Request,200,OK,Users 1-6,text,true,,367,156,13,13,http://localhost:10100/?token=466636692&user=2077394554&conf=1,644,0,0
1619807578664,649,HTTP Request,200,OK,Users 1-12,text,true,,367,156,13,13,http://localhost:10100/?token=466636692&user=2077394554&conf=1,649,0,0
1619807578652,661,HTTP Request,200,OK,Users 1-7,text,true,,367,156,13,13,http://localhost:10100/?token=466636692&user=2077394554&conf=1,661,0,0
1619807578651,662,HTTP Request,200,OK,Users 1-3,text,true,,367,156,13,13,http://localhost:10100/?token=466636692&user=2077394554&conf=1,662,0,0
1619807578664,650,HTTP Request,200,OK,Users 1-10,text,true,,367,156,13,13,http://localhost:10100/?token=466636692&user=2077394554&conf=1,649,0,0
1619807578680,655,HTTP Request,200,OK,Users 1-11,text,true,,367,156,13,13,http://localhost:10100/?token=466636692&user=2077394554&conf=1,655,0,0
1619807578759,651,HTTP Request,200,OK,Users 1-4,text,true,,367,156,13,13,http://localhost:10100/?token=466636692&user=2077394554&conf=1,651,0,0
1619807578823,656,HTTP Request,200,OK,Users 1-5,text,true,,367,156,13,13,http://localhost:10100/?token=466636692&user=2077394554&conf=1,656,0,0
1619807578759,720,HTTP Request,200,OK,Users 1-8,text,true,,367,156,13,13,http://localhost:10100/?token=466636692&user=2077394554&conf=1,720,0,0
1619807578759,720,HTTP Request,200,OK,Users 1-1,text,true,,367,156,13,13,http://localhost:10100/?token=466636692&user=2077394554&conf=1,720,0,0
1619807578918,654,HTTP Request,200,OK,Users 1-13,text,true,,367,156,13,13,http://localhost:10100/?token=466636692&user=2077394554&conf=1,654,0,0
1619807578998,655,HTTP Request,200,OK,Users 1-9,text,true,,367,156,13,13,http://localhost:10100/?token=466636692&user=2077394554&conf=1,655,0,0
1619807582169,646,HTTP Request,200,OK,Users 1-2,text,true,,367,156,13,13,http://localhost:10100/?token=466636692&user=2077394554&conf=1,646,0,0
1619807582249,645,HTTP Request,200,OK,Users 1-6,text,true,,367,156,12,12,http://localhost:10100/?token=466636692&user=2077394554&conf=1,644,0,0
1619807582328,646,HTTP Request,200,OK,Users 1-3,text,true,,367,156,11,11,http://localhost:10100/?token=466636692&user=2077394554&conf=1,646,0,0
1619807582328,666,HTTP Request,200,OK,Users 1-10,text,true,,367,156,10,10,http://localhost:10100/?token=466636692&user=2077394554&conf=1,666,0,0
1619807582328,666,HTTP Request,200,OK,Users 1-7,text,true,,367,156,10,10,http://localhost:10100/?token=466636692&user=2077394554&conf=1,666,0,0
1619807582328,666,HTTP Request,200,OK,Users 1-12,text,true,,367,156,10,10,http://localhost:10100/?token=466636692&user=2077394554&conf=1,666,0,0
1619807582344,650,HTTP Request,200,OK,Users 1-11,text,true,,367,156,10,10,http://localhost:10100/?token=466636692&user=2077394554&conf=1,650,0,0
1619807582422,651,HTTP Request,200,OK,Users 1-4,text,true,,367,156,6,6,http://localhost:10100/?token=466636692&user=2077394554&conf=1,651,0,0
1619807582485,651,HTTP Request,200,OK,Users 1-5,text,true,,367,156,5,5,http://localhost:10100/?token=466636692&user=2077394554&conf=1,651,0,0
1619807582485,674,HTTP Request,200,OK,Users 1-1,text,true,,367,156,4,4,http://localhost:10100/?token=466636692&user=2077394554&conf=1,674,0,0
1619807582485,674,HTTP Request,200,OK,Users 1-8,text,true,,367,156,4,4,http://localhost:10100/?token=466636692&user=2077394554&conf=1,674,0,0
1619807582577,654,HTTP Request,200,OK,Users 1-13,text,true,,367,156,2,2,http://localhost:10100/?token=466636692&user=2077394554&conf=1,654,0,0
1619807582654,654,HTTP Request,200,OK,Users 1-9,text,true,,367,156,1,1,http://localhost:10100/?token=466636692&user=2077394554&conf=1,654,0,0
